,0
0,"       1) GSE TEST INPUT:CHANNEL-1 ROE TEST INPUT  ... Unnamed: 4 Unnamed: 5
0  SL NO.                             INPUT POINT  ...      UNITS     RESULT
1       1               0V at J3/B11(J1/B1=FALSE)  ...   Volts DC       PASS
2       2               9V at J3/B11(J1/B1=FALSE)  ...   Volts DC       PASS
3       3              -9V at J3/B11(J1/B1=FALSE)  ...   Volts DC       PASS
4       4                9V at J3/B11(J1/B1=TRUE)  ...   Volts DC       PASS
5       5               9V at J3/B11(J1/B1=FALSE)  ...   Volts DC       PASS

[6 rows x 8 columns]"
1,"       2) GSE TEST INPUT:CHANNEL-2 LOE TEST INPUT  ... Unnamed: 4 Unnamed: 5
0  SL NO.                             INPUT POINT  ...      UNITS     RESULT
1       1               0V at J3/B14(J1/B4=FALSE)  ...   Volts DC       PASS
2       2               9V at J3/B14(J1/B4=FALSE)  ...   Volts DC       PASS
3       3              -9V at J3/B14(J1/B4=FALSE)  ...   Volts DC       PASS
4       4                9V at J3/B14(J1/B4=TRUE)  ...   Volts DC       PASS
5       5               9V at J3/B14(J1/B4=FALSE)  ...   Volts DC       PASS

[6 rows x 8 columns]"
2,"       3) GSE TEST INPUT:CHANNEL-2 RIE TEST INPUT  ... Unnamed: 4 Unnamed: 5
0  SL NO.                             INPUT POINT  ...      UNITS     RESULT
1       1               0V at J3/B12(J1/B2=FALSE)  ...   Volts DC       PASS
2       2               9V at J3/B12(J1/B2=FALSE)  ...   Volts DC       PASS
3       3              -9V at J3/B12(J1/B2=FALSE)  ...   Volts DC       PASS
4       4                9V at J3/B12(J1/B2=TRUE)  ...   Volts DC       PASS
5       5               9V at J3/B12(J1/B2=FALSE)  ...   Volts DC       PASS

[6 rows x 8 columns]"
3,"       4) GSE TEST INPUT:CHANNEL-1 LIE TEST INPUT  ... Unnamed: 4 Unnamed: 5
0  SL NO.                             INPUT POINT  ...      UNITS     RESULT
1       1               0V at J3/B13(J1/B3=FALSE)  ...   Volts DC       PASS
2       2               9V at J3/B13(J1/B3=FALSE)  ...   Volts DC       PASS
3       3              -9V at J3/B13(J1/B3=FALSE)  ...   Volts DC       PASS
4       4                9V at J3/B13(J1/B3=TRUE)  ...   Volts DC       PASS
5       5               9V at J3/B13(J1/B3=FALSE)  ...   Volts DC       PASS

[6 rows x 8 columns]"
4,"       5) GSE TEST INPUT:CHANNEL-1 RUD TEST INPUT  ... Unnamed: 4 Unnamed: 5
0  SL NO.                             INPUT POINT  ...      UNITS     RESULT
1       1               0V at J3/B15(J1/B5=FALSE)  ...   Volts DC       PASS
2       2               9V at J3/B15(J1/B5=FALSE)  ...   Volts DC       PASS
3       3              -9V at J3/B15(J1/B5=FALSE)  ...   Volts DC       PASS
4       4                9V at J3/B15(J1/B5=TRUE)  ...   Volts DC       PASS
5       5               9V at J3/B15(J1/B5=FALSE)  ...   Volts DC       PASS

[6 rows x 8 columns]"
5,"       6) GSE TEST INPUT:CHANNEL-1 ROS TEST INPUT  ... Unnamed: 4 Unnamed: 5
0  SL NO.                             INPUT POINT  ...      UNITS     RESULT
1     NaN                            0V at J3/B16  ...   Volts DC       PASS
2     NaN                            9V at J3/B16  ...   Volts DC       PASS
3     NaN                           -9V at J3/B16  ...   Volts DC       PASS
4     NaN                            0V at J3/B16  ...   Volts DC       PASS
5     NaN                            9V at J3/B16  ...   Volts DC       PASS
6     NaN                           -9V at J3/B16  ...   Volts DC       PASS

[7 rows x 8 columns]"
6,"       7) GSE TEST INPUT:CHANNEL-2 RMS TEST INPUT  ... Unnamed: 4 Unnamed: 5
0  SL NO.                             INPUT POINT  ...      UNITS     RESULT
1       1                            0V at J3/B19  ...   Volts DC       PASS
2       2                            9V at J3/B19  ...   Volts DC       PASS
3       3                           -9V at J3/B19  ...   Volts DC       PASS
4       4                            0V at J3/B19  ...   Volts DC       PASS
5       5                            9V at J3/B19  ...   Volts DC       PASS
6       6                           -9V at J3/B19  ...   Volts DC       PASS

[7 rows x 8 columns]"
7,"       8) GSE TEST INPUT:CHANNEL-2 RIS TEST INPUT  ... Unnamed: 4 Unnamed: 5
0  SL NO.                             INPUT POINT  ...      UNITS     RESULT
1       1                            0V at J3/B20  ...   Volts DC       PASS
2       2                            9V at J3/B20  ...   Volts DC       PASS
3       3                           -9V at J3/B20  ...   Volts DC       PASS
4       4                            0V at J3/B20  ...   Volts DC       PASS
5       5                            9V at J3/B20  ...   Volts DC       PASS
6       6                           -9V at J3/B20  ...   Volts DC       PASS

[7 rows x 8 columns]"
8,"       9) GSE TEST INPUT:CHANNEL-1 LOS TEST INPUT  ... Unnamed: 4 Unnamed: 5
0  SL NO.                             INPUT POINT  ...      UNITS     RESULT
1       1                            0V at J3/B17  ...   Volts DC       PASS
2       2                            9V at J3/B17  ...   Volts DC       PASS
3       3                           -9V at J3/B17  ...   Volts DC       PASS
4       4                            0V at J3/B17  ...   Volts DC       PASS
5       5                            9V at J3/B17  ...   Volts DC       PASS
6       6                           -9V at J3/B17  ...   Volts DC       PASS

[7 rows x 8 columns]"
9,"      10) GSE TEST INPUT:CHANNEL-2 LMS TEST INPUT  ... Unnamed: 4 Unnamed: 5
0  SL NO.                             INPUT POINT  ...      UNITS     RESULT
1       1                            0V at J3/B21  ...   Volts DC       PASS
2       2                            9V at J3/B21  ...   Volts DC       PASS
3       3                           -9V at J3/B21  ...   Volts DC       PASS
4       4                            0V at J3/B21  ...   Volts DC       PASS
5       5                            9V at J3/B21  ...   Volts DC       PASS
6       6                           -9V at J3/B21  ...   Volts DC       PASS

[7 rows x 8 columns]"
10,"      11) GSE TEST INPUT:CHANNEL-1 LIS TEST INPUT  ... Unnamed: 4 Unnamed: 5
0  SL NO.                             INPUT POINT  ...      UNITS     RESULT
1       1                            0V at J3/B18  ...   Volts DC       PASS
2       2                            9V at J3/B18  ...   Volts DC       PASS
3       3                           -9V at J3/B18  ...   Volts DC       PASS
4       4                            0V at J3/B18  ...   Volts DC       PASS
5       5                            9V at J3/B18  ...   Volts DC       PASS
6       6                           -9V at J3/B18  ...   Volts DC       PASS

[7 rows x 8 columns]"
11,"      12) GSE TEST INPUT:CHANNEL-1 RA TEST INPUT  ... Unnamed: 4 Unnamed: 5
0  SL NO.                            INPUT POINT  ...      UNITS     RESULT
1       1                           0V at J3/B23  ...   Volts DC       PASS
2       2                           9V at J3/B23  ...   Volts DC       PASS
3       3                          -9V at J3/B23  ...   Volts DC       PASS
4       4                           0V at J3/B23  ...   Volts DC       PASS
5       5                           9V at J3/B23  ...   Volts DC       PASS
6       6                          -9V at J3/B23  ...   Volts DC       PASS

[7 rows x 8 columns]"
12,"      13) GSE TEST INPUT:CHANNEL-2 LA TEST INPUT  ... Unnamed: 4 Unnamed: 5
0  SL NO.                            INPUT POINT  ...      UNITS     RESULT
1       1                           0V at J3/B22  ...   Volts DC       PASS
2       2                           9V at J3/B22  ...   Volts DC       PASS
3       3                          -9V at J3/B22  ...   Volts DC       PASS
4       4                           0V at J3/B22  ...   Volts DC       PASS
5       5                           9V at J3/B22  ...   Volts DC       PASS
6       6                          -9V at J3/B22  ...   Volts DC       PASS

[7 rows x 8 columns]"
13,"      14) GSE DISCRETES:CHANNEL-1 SW INTGR-IC  ... Unnamed: 4 Unnamed: 5
0  SL NO.                         INPUT POINT  ...      UNITS     RESULT
1       1                       TRUE at J2/A1  ...       OHMS       PASS
2       2                       TRUE at J2/A1  ...         DI       PASS
3       3                      FALSE at J2/A1  ...       OHMS       PASS
4       4                      FALSE at J2/A1  ...         DI       PASS

[5 rows x 8 columns]"
14,"      15) GSE DISCRETES:CHANNEL-1 FAULT SELECT  ... Unnamed: 4 Unnamed: 5
0  SL NO.                          INPUT POINT  ...      UNITS     RESULT
1       1                        TRUE at J2/A2  ...       OHMS       PASS
2       2                        TRUE at J2/A2  ...         DI       PASS
3       3                       FALSE at J2/A2  ...       OHMS       PASS
4       4                       FALSE at J2/A2  ...         DI       PASS

[5 rows x 8 columns]"
15,"  Unnamed: 0      Unnamed: 1  ... Unnamed: 6 Unnamed: 7
0        NaN             NaN  ...        NaN        NaN
1     SL NO.     INPUT POINT  ...      UNITS     RESULT
2          1   TRUE at J2/A3  ...       OHMS       PASS
3          2   TRUE at J2/A3  ...         DI       PASS
4          3  FALSE at J2/A3  ...       OHMS       PASS
5          4  FALSE at J2/A3  ...         DI       PASS

[6 rows x 8 columns]"
16,"      17) GSE DISCRETES:CHANNEL-1 GSE CONNECTED  ... Unnamed: 4 Unnamed: 5
0  SL NO.                           INPUT POINT  ...      UNITS     RESULT
1       1                         TRUE at J2/A4  ...       OHMS       PASS

[2 rows x 8 columns]"
17,"   2   TRUE at J2/A4     J2/B4&GND   TRUE TRUE.1 TRUE.2    DI  PASS
0  3  FALSE at J2/A4  P2/A4&P3/A38   OPEN   OPEN   OPEN  OHMS  PASS
1  4  FALSE at J2/A4     J2/B4&GND  FALSE  FALSE  FALSE    DI  PASS"
18,"      18) GSE DISCRETES:CHANNEL-1 EPROM ENABLE  ... Unnamed: 4 Unnamed: 5
0  SL NO.                          INPUT POINT  ...      UNITS     RESULT
1       1                        TRUE at J2/A5  ...       OHMS       PASS
2       2                        TRUE at J2/A5  ...         DI       PASS
3       3                       FALSE at J2/A5  ...       OHMS       PASS
4       4                       FALSE at J2/A5  ...         DI       PASS

[5 rows x 8 columns]"
19,"      19) GSE DISCRETES:CHANNEL-1 HW RESET  ... Unnamed: 4 Unnamed: 5
0  SL NO.                      INPUT POINT  ...      UNITS     RESULT
1       1                    TRUE at J2/A6  ...       OHMS       PASS
2       2                    TRUE at J2/A6  ...         DI       PASS
3       3                   FALSE at J2/A6  ...       OHMS       PASS
4       4                   FALSE at J2/A6  ...         DI       PASS

[5 rows x 8 columns]"
20,"      20) GSE DISCRETES:CHANNEL-1 SW RESET  ... Unnamed: 4 Unnamed: 5
0  SL NO.                      INPUT POINT  ...      UNITS     RESULT
1       1                    TRUE at J2/A7  ...       OHMS       PASS
2       2                    TRUE at J2/A7  ...         DI       PASS
3       3                   FALSE at J2/A7  ...       OHMS       PASS
4       4                   FALSE at J2/A7  ...         DI       PASS

[5 rows x 8 columns]"
21,"  Unnamed: 0      Unnamed: 1  ... Unnamed: 6 Unnamed: 7
0        NaN             NaN  ...        NaN        NaN
1     SL NO.     INPUT POINT  ...      UNITS     RESULT
2          1   TRUE at J2/A9  ...       OHMS       PASS
3          2   TRUE at J2/A9  ...         DI       PASS
4          3  FALSE at J2/A9  ...       OHMS       PASS
5          4  FALSE at J2/A9  ...         DI       PASS

[6 rows x 8 columns]"
22,"      22) GSE DISCRETES:CHANNEL-2 FAULT SELECT  ... Unnamed: 4 Unnamed: 5
0  SL NO.                          INPUT POINT  ...      UNITS     RESULT
1       1                       TRUE at J2/A10  ...       OHMS       PASS

[2 rows x 8 columns]"
23,"   2   TRUE at J2/A10     J2/B10&GND   TRUE TRUE.1 TRUE.2    DI  PASS
0  3  FALSE at J2/A10  P2/A10&P3/A48   OPEN   OPEN   OPEN  OHMS  PASS
1  4  FALSE at J2/A10     J2/B10&GND  FALSE  FALSE  FALSE    DI  PASS"
24,"      23) GSE DISCRETES:CHANNEL-2 TEST INPUT  ... Unnamed: 4 Unnamed: 5
0  SL NO.                        INPUT POINT  ...      UNITS     RESULT
1       1                     TRUE at J2/A11  ...       OHMS       PASS
2       2                     TRUE at J2/A11  ...         DI       PASS
3       3                    FALSE at J2/A11  ...       OHMS       PASS
4       4                    FALSE at J2/A11  ...         DI       PASS

[5 rows x 8 columns]"
25,"      24) GSE DISCRETES:CHANNEL-2 GSE CONNECTED  ... Unnamed: 4 Unnamed: 5
0  SL NO.                           INPUT POINT  ...      UNITS     RESULT
1       1                        TRUE at J2/A12  ...       OHMS       PASS
2       2                        TRUE at J2/A12  ...         DI       PASS
3       3                       FALSE at J2/A12  ...       OHMS       PASS
4       4                       FALSE at J2/A12  ...         DI       PASS

[5 rows x 8 columns]"
26,"      25) GSE DISCRETES:CHANNEL-2 EPROM ENABLE  ... Unnamed: 4 Unnamed: 5
0  SL NO.                          INPUT POINT  ...      UNITS     RESULT
1       1                       TRUE at J2/A13  ...       OHMS       PASS
2       2                       TRUE at J2/A13  ...         DI       PASS
3       3                      FALSE at J2/A13  ...       OHMS       PASS
4       4                      FALSE at J2/A13  ...         DI       PASS

[5 rows x 8 columns]"
27,"      26) GSE DISCRETES:CHANNEL-2 HW RESET  ... Unnamed: 4 Unnamed: 5
0  SL NO.                      INPUT POINT  ...      UNITS     RESULT
1       1                   TRUE at J2/A14  ...       OHMS       PASS
2       2                   TRUE at J2/A14  ...         DI       PASS
3       3                  FALSE at J2/A14  ...       OHMS       PASS
4       4                  FALSE at J2/A14  ...         DI       PASS

[5 rows x 8 columns]"
28,"      27) GSE DISCRETES:CHANNEL-2 SW RESET  ... Unnamed: 4 Unnamed: 5
0  SL NO.                      INPUT POINT  ...      UNITS     RESULT
1       1                   TRUE at J2/A15  ...       OHMS       PASS
2       2                   TRUE at J2/A15  ...         DI       PASS
3       3                  FALSE at J2/A15  ...       OHMS       PASS
4       4                  FALSE at J2/A15  ...         DI       PASS

[5 rows x 8 columns]"
29,"      28) GSE DISCRETES:CHANNEL-3 SW INTGR-IC  ... Unnamed: 4 Unnamed: 5
0  SL NO.                         INPUT POINT  ...      UNITS     RESULT
1       1                      TRUE at J2/A17  ...       OHMS       PASS
2       2                      TRUE at J2/A17  ...         DI       PASS
3       3                     FALSE at J2/A17  ...       OHMS       PASS
4       4                     FALSE at J2/A17  ...         DI       PASS

[5 rows x 8 columns]"
30,"      29) GSE DISCRETES:CHANNEL-3 FAULT SELECT  ... Unnamed: 4 Unnamed: 5
0  SL NO.                          INPUT POINT  ...      UNITS     RESULT
1       1                       TRUE at J2/A18  ...       OHMS       PASS
2       2                       TRUE at J2/A18  ...         DI       PASS
3       3                      FALSE at J2/A18  ...       OHMS       PASS
4       4                      FALSE at J2/A18  ...         DI       PASS

[5 rows x 8 columns]"
31,"      30) GSE DISCRETES:CHANNEL-3 TEST INPUT  ... Unnamed: 4 Unnamed: 5
0  SL NO.                        INPUT POINT  ...      UNITS     RESULT
1       1                     TRUE at J2/A19  ...       OHMS       PASS
2       2                     TRUE at J2/A19  ...         DI       PASS
3       3                    FALSE at J2/A19  ...       OHMS       PASS
4       4                    FALSE at J2/A19  ...         DI       PASS

[5 rows x 8 columns]"
32,"      31) GSE DISCRETES:CHANNEL-3 GSE CONNECTED  ... Unnamed: 4 Unnamed: 5
0  SL NO.                           INPUT POINT  ...      UNITS     RESULT
1       1                        TRUE at J2/A20  ...       OHMS       PASS
2       2                        TRUE at J2/A20  ...         DI       PASS
3       3                       FALSE at J2/A20  ...       OHMS       PASS
4       4                       FALSE at J2/A20  ...         DI       PASS

[5 rows x 8 columns]"
33,"      32) GSE DISCRETES:CHANNEL-3 EPROM ENABLE  ... Unnamed: 4 Unnamed: 5
0  SL NO.                          INPUT POINT  ...      UNITS     RESULT
1       1                       TRUE at J2/A21  ...       OHMS       PASS
2       2                       TRUE at J2/A21  ...         DI       PASS
3       3                      FALSE at J2/A21  ...       OHMS       PASS
4       4                      FALSE at J2/A21  ...         DI       PASS

[5 rows x 8 columns]"
34,"      33) GSE DISCRETES:CHANNEL-3 HW RESET  ... Unnamed: 4 Unnamed: 5
0  SL NO.                      INPUT POINT  ...      UNITS     RESULT
1       1                   TRUE at J2/A22  ...       OHMS       PASS
2       2                   TRUE at J2/A22  ...         DI       PASS
3       3                  FALSE at J2/A22  ...       OHMS       PASS
4       4                  FALSE at J2/A22  ...         DI       PASS

[5 rows x 8 columns]"
35,"      34) GSE DISCRETES:CHANNEL-3 SW RESET  ... Unnamed: 4 Unnamed: 5
0  SL NO.                      INPUT POINT  ...      UNITS     RESULT
1       1                   TRUE at J2/A23  ...       OHMS       PASS
2       2                   TRUE at J2/A23  ...         DI       PASS
3       3                  FALSE at J2/A23  ...       OHMS       PASS
4       4                  FALSE at J2/A23  ...         DI       PASS

[5 rows x 8 columns]"
36,"      35) GSE DISCRETES:CHANNEL-4 SW INTGR-IC  ... Unnamed: 4 Unnamed: 5
0  SL NO.                         INPUT POINT  ...      UNITS     RESULT
1       1                      TRUE at J2/A25  ...       OHMS       PASS
2       2                      TRUE at J2/A25  ...         DI       PASS
3       3                     FALSE at J2/A25  ...       OHMS       PASS
4       4                     FALSE at J2/A25  ...         DI       PASS

[5 rows x 8 columns]"
37,"      36) GSE DISCRETES:CHANNEL-4 FAULT SELECT  ... Unnamed: 4 Unnamed: 5
0  SL NO.                          INPUT POINT  ...      UNITS     RESULT
1       1                       TRUE at J2/A26  ...       OHMS       PASS
2       2                       TRUE at J2/A26  ...         DI       PASS
3       3                      FALSE at J2/A26  ...       OHMS       PASS
4       4                      FALSE at J2/A26  ...         DI       PASS

[5 rows x 8 columns]"
38,"      37) GSE DISCRETES:CHANNEL-4 TEST INPUT  ... Unnamed: 4 Unnamed: 5
0  SL NO.                        INPUT POINT  ...      UNITS     RESULT
1       1                     TRUE at J2/A27  ...       OHMS       PASS
2       2                     TRUE at J2/A27  ...         DI       PASS
3       3                    FALSE at J2/A27  ...       OHMS       PASS
4       4                    FALSE at J2/A27  ...         DI       PASS

[5 rows x 8 columns]"
39,"      38) GSE DISCRETES:CHANNEL-4 GSE CONNECTED  ... Unnamed: 4 Unnamed: 5
0  SL NO.                           INPUT POINT  ...      UNITS     RESULT
1       1                        TRUE at J2/A28  ...       OHMS       PASS
2       2                        TRUE at J2/A28  ...         DI       PASS
3       3                       FALSE at J2/A28  ...       OHMS       PASS
4       4                       FALSE at J2/A28  ...         DI       PASS

[5 rows x 8 columns]"
40,"      39) GSE DISCRETES:CHANNEL-4 EPROM ENABLE  ... Unnamed: 4 Unnamed: 5
0  SL NO.                          INPUT POINT  ...      UNITS     RESULT
1       1                       TRUE at J2/A29  ...       OHMS       PASS
2       2                       TRUE at J2/A29  ...         DI       PASS
3       3                      FALSE at J2/A29  ...       OHMS       PASS
4       4                      FALSE at J2/A29  ...         DI       PASS

[5 rows x 8 columns]"
41,"      40) GSE DISCRETES:CHANNEL-4 HW RESET  ... Unnamed: 4 Unnamed: 5
0  SL NO.                      INPUT POINT  ...      UNITS     RESULT
1       1                   TRUE at J2/A30  ...       OHMS       PASS
2       2                   TRUE at J2/A30  ...         DI       PASS
3       3                  FALSE at J2/A30  ...       OHMS       PASS
4       4                  FALSE at J2/A30  ...         DI       PASS

[5 rows x 8 columns]"
42,"      41) GSE DISCRETES:CHANNEL-4 SW RESET  ... Unnamed: 4 Unnamed: 5
0  SL NO.                      INPUT POINT  ...      UNITS     RESULT
1       1                   TRUE at J2/A31  ...       OHMS       PASS

[2 rows x 8 columns]"
43,"   2   TRUE at J2/A31     J2/B31&GND   TRUE TRUE.1 TRUE.2    DI  PASS
0  3  FALSE at J2/A31  P2/A31&P3/A86   OPEN   OPEN   OPEN  OHMS  PASS
1  4  FALSE at J2/A31     J2/B31&GND  FALSE  FALSE  FALSE    DI  PASS"
44,"      42) GSE TEST OUTPUTS:CHANNEL-1 TEST OUTPUT-1  ... Unnamed: 4 Unnamed: 5
0  SL NO.                              INPUT POINT  ...      UNITS     RESULT
1       1                           FALSE at J1/A1  ...         mA       PASS
2       2                           FALSE at J1/A1  ...         DI       PASS
3     NaN                                      NaN  ...        NaN        NaN
4       3                           FALSE at J1/A1  ...         mA       PASS
5       4                           FALSE at J1/A1  ...         DI       PASS
6       5                            TRUE at J1/A1  ...         mA       PASS
7       6                            TRUE at J1/A1  ...         DI       PASS
8       7                            TRUE at J1/A1  ...         mA       PASS
9       8                            TRUE at J1/A1  ...         DI       PASS

[10 rows x 8 columns]"
45,"      43) GSE TEST OUTPUTS:CHANNEL-2 TEST OUTPUT-1  ... Unnamed: 4 Unnamed: 5
0  SL NO.                              INPUT POINT  ...      UNITS     RESULT
1       1                           FALSE at J1/A5  ...         mA       PASS

[2 rows x 8 columns]"
46,"   2  FALSE at J1/A5  at J2/C13   TRUE TRUE.1    TRUE.2  DI  PASS
0  3  FALSE at J1/A5  at P3/B22   -0.1    0.1  0.000022  mA  PASS
1  4  FALSE at J1/A5  at J2/C13  FALSE  FALSE     FALSE  DI  PASS
2  5   TRUE at J1/A5  at P3/B22   -0.1    0.1  0.000041  mA  PASS
3  6   TRUE at J1/A5  at J2/C13   TRUE   TRUE      TRUE  DI  PASS
4  7   TRUE at J1/A5  at P3/B22   -0.1    0.1  0.000024  mA  PASS
5  8   TRUE at J1/A5  at J2/C13  FALSE  FALSE     FALSE  DI  PASS"
47,"      44) GSE TEST OUTPUTS:CHANNEL-3 TEST OUTPUT-1  ... Unnamed: 4 Unnamed: 5
0  SL NO.                              INPUT POINT  ...      UNITS     RESULT
1       1                           FALSE at J1/A9  ...         mA       PASS
2       2                           FALSE at J1/A9  ...         DI       PASS
3       3                           FALSE at J1/A9  ...         mA       PASS
4       4                           FALSE at J1/A9  ...         DI       PASS
5       5                            TRUE at J1/A9  ...         mA       PASS
6       6                            TRUE at J1/A9  ...         DI       PASS
7       7                            TRUE at J1/A9  ...         mA       PASS
8       8                            TRUE at J1/A9  ...         DI       PASS

[9 rows x 8 columns]"
48,"      45) GSE TEST OUTPUTS:CHANNEL-4 TEST OUTPUT-1  ... Unnamed: 4 Unnamed: 5
0  SL NO.                              INPUT POINT  ...      UNITS     RESULT
1       1                          FALSE at J1/A13  ...         mA       PASS
2       2                          FALSE at J1/A13  ...         DI       PASS
3       3                          FALSE at J1/A13  ...         mA       PASS
4       4                          FALSE at J1/A13  ...         DI       PASS
5       5                           TRUE at J1/A13  ...         mA       PASS
6     NaN                                      NaN  ...        NaN        NaN
7       6                           TRUE at J1/A13  ...         DI       PASS
8       7                           TRUE at J1/A13  ...         mA       PASS
9       8                           TRUE at J1/A13  ...         DI       PASS

[10 rows x 8 columns]"
49,"      46) GSE TEST OUTPUTS:CHANNEL-1 TEST OUTPUT-2  ... Unnamed: 4 Unnamed: 5
0  SL NO.                              INPUT POINT  ...      UNITS     RESULT
1       1                           FALSE at J1/A2  ...         mA       PASS
2       2                           FALSE at J1/A2  ...         DI       PASS
3       3                           FALSE at J1/A2  ...         mA       PASS
4       4                           FALSE at J1/A2  ...         DI       PASS

[5 rows x 8 columns]"
50,"   5  TRUE at J1/A2  at P3/A23   -0.1    0.1 -0.000012  mA  PASS
0  6  TRUE at J1/A2  at J2/C17   TRUE   TRUE      TRUE  DI  PASS
1  7  TRUE at J1/A2  at P3/A23   -0.1    0.1  0.000025  mA  PASS
2  8  TRUE at J1/A2  at J2/C17  FALSE  FALSE     FALSE  DI  PASS"
51,"      47) GSE TEST OUTPUTS:CHANNEL-2 TEST OUTPUT-2  ... Unnamed: 4 Unnamed: 5
0  SL NO.                              INPUT POINT  ...      UNITS     RESULT
1       1                           FALSE at J1/A6  ...         mA       PASS
2       2                           FALSE at J1/A6  ...         DI       PASS
3       3                           FALSE at J1/A6  ...         mA       PASS

[4 rows x 8 columns]"
52,"   4 FALSE at J1/A6  at J2/C18  FALSE FALSE.1   FALSE.2  DI  PASS
0  5  TRUE at J1/A6  at P3/B23   -0.1     0.1   0.00004  mA  PASS
1  6  TRUE at J1/A6  at J2/C18   TRUE    TRUE      TRUE  DI  PASS
2  7  TRUE at J1/A6  at P3/B23   -0.1     0.1  0.000025  mA  PASS
3  8  TRUE at J1/A6  at J2/C18  FALSE   FALSE     FALSE  DI  PASS"
53,"      48) GSE TEST OUTPUTS:CHANNEL-3 TEST OUTPUT-2  ... Unnamed: 4 Unnamed: 5
0  SL NO.                              INPUT POINT  ...      UNITS     RESULT
1     NaN                                      NaN  ...        NaN        NaN
2       1                          FALSE at J1/A10  ...         mA       PASS
3       2                          FALSE at J1/A10  ...         DI       PASS
4       3                          FALSE at J1/A10  ...         mA       PASS
5       4                          FALSE at J1/A10  ...         DI       PASS
6       5                           TRUE at J1/A10  ...         mA       PASS
7       6                           TRUE at J1/A10  ...         DI       PASS
8       7                           TRUE at J1/A10  ...         mA       PASS
9       8                           TRUE at J1/A10  ...         DI       PASS

[10 rows x 8 columns]"
54,"      49) GSE TEST OUTPUTS:CHANNEL-4 TEST OUTPUT-2  ... Unnamed: 4 Unnamed: 5
0  SL NO.                              INPUT POINT  ...      UNITS     RESULT
1       1                          FALSE at J1/A14  ...         mA       PASS
2       2                          FALSE at J1/A14  ...         DI       PASS
3       3                          FALSE at J1/A14  ...         mA       PASS
4       4                          FALSE at J1/A14  ...         DI       PASS
5       5                           TRUE at J1/A14  ...         mA       PASS
6       6                           TRUE at J1/A14  ...         DI       PASS
7       7                           TRUE at J1/A14  ...         mA       PASS
8       8                           TRUE at J1/A14  ...         DI       PASS

[9 rows x 8 columns]"
55,"      50) GSE TEST OUTPUTS:CHANNEL-1 TEST OUTPUT-3  ... Unnamed: 4 Unnamed: 5
0  SL NO.                              INPUT POINT  ...      UNITS     RESULT
1       1                           FALSE at J1/A3  ...         mA       PASS
2       2                           FALSE at J1/A3  ...         DI       PASS
3       3                           FALSE at J1/A3  ...         mA       PASS
4       4                           FALSE at J1/A3  ...         DI       PASS
5       5                            TRUE at J1/A3  ...         mA       PASS

[6 rows x 8 columns]"
56,"   6  TRUE at J1/A3  at J2/C21   TRUE TRUE.1    TRUE.2  DI  PASS
0  7  TRUE at J1/A3  at P3/A24   -0.1    0.1  0.000024  mA  PASS
1  8  TRUE at J1/A3  at J2/C21  FALSE  FALSE     FALSE  DI  PASS"
57,"      51) GSE TEST OUTPUTS:CHANNEL-2 TEST OUTPUT-3  ... Unnamed: 4 Unnamed: 5
0  SL NO.                              INPUT POINT  ...      UNITS     RESULT
1       1                           FALSE at J1/A7  ...         mA       PASS
2       2                           FALSE at J1/A7  ...         DI       PASS
3       3                           FALSE at J1/A7  ...         mA       PASS

[4 rows x 8 columns]"
58,"   4 FALSE at J1/A7  at J2/C22  FALSE FALSE.1   FALSE.2  DI  PASS
0  5  TRUE at J1/A7  at P3/B24   -0.1     0.1  0.000049  mA  PASS
1  6  TRUE at J1/A7  at J2/C22   TRUE    TRUE      TRUE  DI  PASS
2  7  TRUE at J1/A7  at P3/B24   -0.1     0.1  0.000023  mA  PASS
3  8  TRUE at J1/A7  at J2/C22  FALSE   FALSE     FALSE  DI  PASS"
59,"      52) GSE TEST OUTPUTS:CHANNEL-3 TEST OUTPUT-3  ... Unnamed: 4 Unnamed: 5
0  SL NO.                              INPUT POINT  ...      UNITS     RESULT
1     NaN                                      NaN  ...        NaN        NaN
2       1                          FALSE at J1/A11  ...         mA       PASS
3       2                          FALSE at J1/A11  ...         DI       PASS
4       3                          FALSE at J1/A11  ...         mA       PASS
5       4                          FALSE at J1/A11  ...         DI       PASS
6       5                           TRUE at J1/A11  ...         mA       PASS
7       6                           TRUE at J1/A11  ...         DI       PASS
8       7                           TRUE at J1/A11  ...         mA       PASS
9       8                           TRUE at J1/A11  ...         DI       PASS

[10 rows x 8 columns]"
60,"      53) GSE TEST OUTPUTS:CHANNEL-4 TEST OUTPUT-3  ... Unnamed: 4 Unnamed: 5
0  SL NO.                              INPUT POINT  ...      UNITS     RESULT
1       1                          FALSE at J1/A15  ...         mA       PASS
2       2                          FALSE at J1/A15  ...         DI       PASS
3       3                          FALSE at J1/A15  ...         mA       PASS
4       4                          FALSE at J1/A15  ...         DI       PASS
5       5                           TRUE at J1/A15  ...         mA       PASS
6       6                           TRUE at J1/A15  ...         DI       PASS
7       7                           TRUE at J1/A15  ...         mA       PASS
8       8                           TRUE at J1/A15  ...         DI       PASS

[9 rows x 8 columns]"
61,"      54) GSE TEST OUTPUTS:CHANNEL-1 TEST OUTPUT-4  ... Unnamed: 4 Unnamed: 5
0  SL NO.                              INPUT POINT  ...      UNITS     RESULT
1       1                           FALSE at J1/A4  ...         mA       PASS
2       2                           FALSE at J1/A4  ...         DI       PASS
3       3                           FALSE at J1/A4  ...         mA       PASS
4       4                           FALSE at J1/A4  ...         DI       PASS
5       5                            TRUE at J1/A4  ...         mA       PASS

[6 rows x 8 columns]"
62,"   6  TRUE at J1/A4  at J2/C25   TRUE TRUE.1    TRUE.2  DI  PASS
0  7  TRUE at J1/A4  at P3/A25   -0.1    0.1  0.000023  mA  PASS
1  8  TRUE at J1/A4  at J2/C25  FALSE  FALSE     FALSE  DI  PASS"
63,"      55) GSE TEST OUTPUTS:CHANNEL-2 TEST OUTPUT-4  ... Unnamed: 4 Unnamed: 5
0  SL NO.                              INPUT POINT  ...      UNITS     RESULT
1       1                           FALSE at J1/A8  ...         mA       PASS
2       2                           FALSE at J1/A8  ...         DI       PASS
3       3                           FALSE at J1/A8  ...         mA       PASS

[4 rows x 8 columns]"
64,"   4 FALSE at J1/A8  at J2/C26  FALSE FALSE.1   FALSE.2  DI  PASS
0  5  TRUE at J1/A8  at P3/B25   -0.1     0.1  0.000023  mA  PASS
1  6  TRUE at J1/A8  at J2/C26   TRUE    TRUE      TRUE  DI  PASS
2  7  TRUE at J1/A8  at P3/B25   -0.1     0.1  0.000024  mA  PASS
3  8  TRUE at J1/A8  at J2/C26  FALSE   FALSE     FALSE  DI  PASS"
65,"      56) GSE TEST OUTPUTS:CHANNEL-3 TEST OUTPUT-4  ... Unnamed: 4 Unnamed: 5
0  SL NO.                              INPUT POINT  ...      UNITS     RESULT
1     NaN                                      NaN  ...        NaN        NaN
2       1                          FALSE at J1/A12  ...         mA       PASS
3       2                          FALSE at J1/A12  ...         DI       PASS
4       3                          FALSE at J1/A12  ...         mA       PASS
5       4                          FALSE at J1/A12  ...         DI       PASS
6       5                           TRUE at J1/A12  ...         mA       PASS
7       6                           TRUE at J1/A12  ...         DI       PASS
8       7                           TRUE at J1/A12  ...         mA       PASS
9       8                           TRUE at J1/A12  ...         DI       PASS

[10 rows x 8 columns]"
66,"      57) GSE TEST OUTPUTS:CHANNEL-4 TEST OUTPUT-4  ... Unnamed: 4 Unnamed: 5
0  SL NO.                              INPUT POINT  ...      UNITS     RESULT
1       1                          FALSE at J1/A16  ...         mA       PASS
2       2                          FALSE at J1/A16  ...         DI       PASS
3       3                          FALSE at J1/A16  ...         mA       PASS
4       4                          FALSE at J1/A16  ...         DI       PASS
5       5                           TRUE at J1/A16  ...         mA       PASS
6       6                           TRUE at J1/A16  ...         DI       PASS
7       7                           TRUE at J1/A16  ...         mA       PASS
8       8                           TRUE at J1/A16  ...         DI       PASS

[9 rows x 8 columns]"
67,"      58) GSE TEST DA-MON:CHANNEL-1 TEST DA-1  ... Unnamed: 4 Unnamed: 5
0  SL NO.                         INPUT POINT  ...      UNITS     RESULT
1       1               0V at P2/C2 and P2/C1  ...   Volts DC       PASS
2       2               9V at P2/C2 and P2/C1  ...   Volts DC       PASS
3       3              -9V at P2/C2 and P2/C1  ...   Volts DC       PASS

[4 rows x 8 columns]"
68,"      59) GSE TEST DA-MON:CHANNEL-1 TEST DA-2  ... Unnamed: 4 Unnamed: 5
0  SL NO.                         INPUT POINT  ...      UNITS     RESULT
1       4               0V at P2/C1 and P2/C3  ...   Volts DC       PASS
2       5               9V at P2/C1 and P2/C3  ...   Volts DC       PASS
3       6              -9V at P2/C1 and P2/C3  ...   Volts DC       PASS

[4 rows x 8 columns]"
69,"      60) GSE TEST DA-MON:CHANNEL-2 TEST DA-1  ... Unnamed: 4 Unnamed: 5
0  SL NO.                         INPUT POINT  ...      UNITS     RESULT
1       1               0V at P2/C5 and P2/C4  ...   Volts DC       PASS
2       2               9V at P2/C5 and P2/C4  ...   Volts DC       PASS
3       3              -9V at P2/C5 and P2/C4  ...   Volts DC       PASS

[4 rows x 8 columns]"
70,"   61) GSE TEST DA-MON:CHANNEL-2 TEST DA-2  ... Unnamed: 4 Unnamed: 5
0  NaN                                 NaN  ...        NaN        NaN
1  NaN                                 NaN  ...        NaN        NaN
2  4.0               0V at P2/C6 and P2/C4  ...   Volts DC       PASS
3  5.0               9V at P2/C6 and P2/C4  ...   Volts DC       PASS
4  6.0              -9V at P2/C6 and P2/C4  ...   Volts DC       PASS

[5 rows x 8 columns]"
71,"      62) GSE TEST DA-MON:CHANNEL-3 TEST DA-1  ... Unnamed: 4 Unnamed: 5
0  SL NO.                         INPUT POINT  ...      UNITS     RESULT
1       1               0V at P2/C8 and P2/C7  ...   Volts DC       PASS
2       2               9V at P2/C8 and P2/C7  ...   Volts DC       PASS
3       3              -9V at P2/C8 and P2/C7  ...   Volts DC       PASS

[4 rows x 8 columns]"
72,"   63) GSE TEST DA-MON:CHANNEL-3 TEST DA-2  ... Unnamed: 4 Unnamed: 5
0  NaN                                 NaN  ...        NaN        NaN
1  NaN                                 NaN  ...        NaN        NaN
2  4.0               0V at P2/C9 and P2/C7  ...   Volts DC       PASS
3  5.0               9V at P2/C9 and P2/C7  ...   Volts DC       PASS
4  6.0              -9V at P2/C9 and P2/C7  ...   Volts DC       PASS

[5 rows x 8 columns]"
73,"      64) GSE TEST DA-MON:CHANNEL-4 TEST DA-1  ... Unnamed: 4 Unnamed: 5
0  SL NO.                         INPUT POINT  ...      UNITS     RESULT
1       1             0V at P2/C11 and P2/C10  ...   Volts DC       PASS
2       2             9V at P2/C11 and P2/C10  ...   Volts DC       PASS
3       3            -9V at P2/C11 and P2/C10  ...   Volts DC       PASS

[4 rows x 8 columns]"
74,"      65) GSE TEST DA-MON:CHANNEL-4 TEST DA-2  ... Unnamed: 4 Unnamed: 5
0  SL NO.                         INPUT POINT  ...      UNITS     RESULT
1       4             0V at P2/C12 and P2/C10  ...   Volts DC       PASS
2       5             9V at P2/C12 and P2/C10  ...   Volts DC       PASS
3       6            -9V at P2/C12 and P2/C10  ...   Volts DC       PASS

[4 rows x 8 columns]"
75,"   66) GSE DISCRETES:CHANNEL-1 MBIT  ... Unnamed: 4 Unnamed: 5
0  NaN                          NaN  ...        NaN        NaN
1  NaN                          NaN  ...        NaN        NaN
2  1.0              FALSE at J1/B13  ...       OHMS       PASS
3  2.0              FALSE at J1/B13  ...         DI       PASS
4  3.0               TRUE at J1/B13  ...       OHMS       PASS
5  4.0               TRUE at J1/B13  ...         DI       PASS

[6 rows x 8 columns]"
76,"      67) GSE DISCRETES:CHANNEL-2 MBIT  ... Unnamed: 4 Unnamed: 5
0  SL NO.                  INPUT POINT  ...      UNITS     RESULT
1       1              FALSE at J1/B14  ...       OHMS       PASS
2       2              FALSE at J1/B14  ...         DI       PASS
3       3               TRUE at J1/B14  ...       OHMS       PASS
4       4               TRUE at J1/B14  ...         DI       PASS

[5 rows x 8 columns]"
77,"  Unnamed: 0       Unnamed: 1  ... Unnamed: 6 Unnamed: 7
0        NaN              NaN  ...        NaN        NaN
1     SL NO.      INPUT POINT  ...      UNITS     RESULT
2          1  FALSE at J1/B15  ...       OHMS       PASS
3          2  FALSE at J1/B15  ...         DI       PASS
4          3   TRUE at J1/B15  ...       OHMS       PASS
5          4   TRUE at J1/B15  ...         DI       PASS

[6 rows x 8 columns]"
78,"      69) GSE DISCRETES:CHANNEL-4 MBIT  ... Unnamed: 4 Unnamed: 5
0  SL NO.                  INPUT POINT  ...      UNITS     RESULT
1       1              FALSE at J1/B16  ...       OHMS       PASS

[2 rows x 8 columns]"
79,"   2 FALSE at J1/B16      J1/C4&GND   TRUE TRUE.1    TRUE.2    DI  PASS
0  3  TRUE at J1/B16  P3/C31&P2/C32      0     10  3.903929  OHMS  PASS
1  4  TRUE at J1/B16      J1/C4&GND  FALSE  FALSE     FALSE    DI  PASS"
80,"      70) FTI DISCRETES:CHANNEL-1 FTI FCS FAIL MON  ... Unnamed: 4 Unnamed: 5
0  SL NO.                              INPUT POINT  ...      UNITS     RESULT
1       1                           OPEN at P3/C28  ...         DI       PASS
2       2                            0V at  P3/C28  ...         DI       PASS
3       3                            5V at  P3/C28  ...         DI       PASS

[4 rows x 8 columns]"
81,"      71) FTI DISCRETES:CHANNEL-1 FTI  DBU ENG MON  ... Unnamed: 4 Unnamed: 5
0  SL NO.                              INPUT POINT  ...      UNITS     RESULT
1       1                           OPEN at P3/C16  ...         DI       PASS
2       2                            0V at  P3/C16  ...         DI       PASS
3       3                            5V at  P3/C16  ...         DI       PASS

[4 rows x 8 columns]"
82,"      72) FTI DISCRETES:CHANNEL-1 FTI RWOW MON  ... Unnamed: 4 Unnamed: 5
0  SL NO.                          INPUT POINT  ...      UNITS     RESULT
1       1                       OPEN at P3/C20  ...         DI       PASS
2       2                        0V at  P3/C20  ...         DI       PASS
3       3                        5V at  P3/C20  ...         DI       PASS

[4 rows x 8 columns]"
83,"   73) FTI DISCRETES:CHANNEL-1 FTI NWOW MON  ... Unnamed: 4 Unnamed: 5
0  NaN                                  NaN  ...        NaN        NaN
1  NaN                                  NaN  ...        NaN        NaN
2  1.0                       OPEN at P3/C29  ...         DI       PASS
3  2.0                        0V at  P3/C29  ...         DI       PASS
4  3.0                        5V at  P3/C29  ...         DI       PASS

[5 rows x 8 columns]"
84,"      74) FTI DISCRETES:CHANNEL-2 FTI ABPOS MON  ... Unnamed: 4 Unnamed: 5
0  SL NO.                           INPUT POINT  ...      UNITS     RESULT
1       1                        OPEN at P3/C17  ...         DI       PASS
2       2                         0V at  P3/C17  ...         DI       PASS
3       3                         5V at  P3/C17  ...         DI       PASS

[4 rows x 8 columns]"
85,"      75) FTI DISCRETES:CHANNEL-2 FTI APENG MON  ... Unnamed: 4 Unnamed: 5
0  SL NO.                           INPUT POINT  ...      UNITS     RESULT
1       1                        OPEN at P3/C21  ...         DI       PASS
2       2                         0V at  P3/C21  ...         DI       PASS
3       3                         5V at  P3/C21  ...         DI       PASS

[4 rows x 8 columns]"
86,"      76) FTI DISCRETES:CHANNEL-2 FTI LWOW MON  ... Unnamed: 4 Unnamed: 5
0  SL NO.                          INPUT POINT  ...      UNITS     RESULT
1       1                       OPEN at P3/C30  ...         DI       PASS
2       2                        0V at  P3/C30  ...         DI       PASS
3       3                        5V at  P3/C30  ...         DI       PASS

[4 rows x 8 columns]"
87,"      77) FTI DISCRETES:CHANNEL-2 SPARE1  ... Unnamed: 4 Unnamed: 5
0     NaN                            NaN  ...        NaN        NaN
1  SL NO.                    INPUT POINT  ...      UNITS     RESULT
2       1                 OPEN at P2/B29  ...         DI       PASS
3       2                  0V at  P2/B29  ...         DI       PASS
4       3                  5V at  P2/B29  ...         DI       PASS

[5 rows x 8 columns]"
88,"      78) FTI DISCRETES:CHANNEL-2 SPARE2  ... Unnamed: 4 Unnamed: 5
0  SL NO.                    INPUT POINT  ...      UNITS     RESULT
1       1                 OPEN at P2/B30  ...         DI       PASS
2       2                  0V at  P2/B30  ...         DI       PASS
3       3                  5V at  P2/B30  ...         DI       PASS

[4 rows x 8 columns]"
89,"      79) FTI DFCC HEALTH:CHANNEL-1  ... Unnamed: 4 Unnamed: 5
0  SL NO.               INPUT POINT  ...      UNITS     RESULT
1       1           FALSE at  J1/B9  ...         mA       PASS
2       2           FALSE at  J1/B9  ...         DI       PASS
3       3           FALSE at  J1/B9  ...         mA       PASS
4       4           FALSE at  J1/B9  ...         DI       PASS
5       5            TRUE at  J1/B9  ...         mA       PASS
6       6            TRUE at  J1/B9  ...         DI       PASS
7       7            TRUE at  J1/B9  ...         mA       PASS
8       8            TRUE at  J1/B9  ...         DI       PASS

[9 rows x 8 columns]"
90,"      80) FTI DFCC HEALTH:CHANNEL-2  ... Unnamed: 4 Unnamed: 5
0  SL NO.               INPUT POINT  ...      UNITS     RESULT
1       1          FALSE at  J1/B10  ...         mA       PASS
2       2          FALSE at  J1/B10  ...         DI       PASS
3       3          FALSE at  J1/B10  ...         mA       PASS
4       4          FALSE at  J1/B10  ...         DI       PASS
5       5           TRUE at  J1/B10  ...         mA       PASS

[6 rows x 8 columns]"
91,"   6  TRUE at  J1/B10   at J2/C9   TRUE TRUE.1    TRUE.2  DI  PASS
0  7  TRUE at  J1/B10  at P2/C22   -0.1    0.1  0.000023  mA  PASS
1  8  TRUE at  J1/B10   at J2/C9  FALSE  FALSE     FALSE  DI  PASS"
92,"      81) FTI DFCC HEALTH:CHANNEL-3  ... Unnamed: 4 Unnamed: 5
0  SL NO.               INPUT POINT  ...      UNITS     RESULT
1       1          FALSE at  J1/B11  ...         mA       PASS
2       2          FALSE at  J1/B11  ...         DI       PASS
3       3          FALSE at  J1/B11  ...         mA       PASS
4       4          FALSE at  J1/B11  ...         DI       PASS
5       5           TRUE at  J1/B11  ...         mA       PASS
6       6           TRUE at  J1/B11  ...         DI       PASS
7       7           TRUE at  J1/B11  ...         mA       PASS
8       8           TRUE at  J1/B11  ...         DI       PASS

[9 rows x 8 columns]"
93,"      82) FTI DFCC HEALTH:CHANNEL-4  ... Unnamed: 4 Unnamed: 5
0  SL NO.               INPUT POINT  ...      UNITS     RESULT
1       1          FALSE at  J1/B12  ...         mA       PASS

[2 rows x 8 columns]"
94,"   2  FALSE at  J1/B12  at J2/C11   TRUE TRUE.1    TRUE.2  DI  PASS
0  3  FALSE at  J1/B12  at P2/C24   -0.1    0.1  0.000023  mA  PASS
1  4  FALSE at  J1/B12  at J2/C11  FALSE  FALSE     FALSE  DI  PASS
2  5   TRUE at  J1/B12  at P2/C24   -0.1    0.1  0.000042  mA  PASS
3  6   TRUE at  J1/B12  at J2/C11   TRUE   TRUE      TRUE  DI  PASS
4  7   TRUE at  J1/B12  at P2/C24   -0.1    0.1  0.000023  mA  PASS
5  8   TRUE at  J1/B12  at J2/C11  FALSE  FALSE     FALSE  DI  PASS"
95,"      83) FTI MONITORS:CHANNEL-1 FTI STKROL MON  ... Unnamed: 4 Unnamed: 5
0  SL NO.                           INPUT POINT  ...      UNITS     RESULT
1       1                0V at  P3/C2 and P3/C1  ...   Volts DC       PASS
2       2                5V at  P3/C2 and P3/C1  ...   Volts DC       PASS
3       3               -5V at  P3/C2 and P3/C1  ...   Volts DC       PASS

[4 rows x 8 columns]"
96,"      84) FTI MONITORS:CHANNEL-1 FTI RPPOS MON  ... Unnamed: 4 Unnamed: 5
0  SL NO.                          INPUT POINT  ...      UNITS     RESULT
1       1              0V at  P3/C23 and P3/C1  ...   Volts DC       PASS
2       2              5V at  P3/C23 and P3/C1  ...   Volts DC       PASS

[3 rows x 8 columns]"
97,"Empty DataFrame
Columns: [3, -5V at  P3/C23 and P3/C1, J3/A20&GND, -9.18, -8.82, -8.99034, Volts DC, PASS]
Index: []"
98,"      85) FTI MONITORS:CHANNEL-1 FTI LOE POS MON  ... Unnamed: 4 Unnamed: 5
0  SL NO.                            INPUT POINT  ...      UNITS     RESULT
1       1                 0V at  P3/C3 and P3/C1  ...   Volts DC       PASS
2       2                 5V at  P3/C3 and P3/C1  ...   Volts DC       PASS
3       3                -5V at  P3/C3 and P3/C1  ...   Volts DC       PASS

[4 rows x 8 columns]"
99,"      86) FTI MONITORS:CHANNEL-1 FTI ROE POS MON  ... Unnamed: 4 Unnamed: 5
0  SL NO.                            INPUT POINT  ...      UNITS     RESULT
1       1                0V at  P3/C24 and P3/C1  ...   Volts DC       PASS
2       2                5V at  P3/C24 and P3/C1  ...   Volts DC       PASS
3       3               -5V at  P3/C24 and P3/C1  ...   Volts DC       PASS

[4 rows x 8 columns]"
100,"      87) FTI MONITORS:CHANNEL-1 FTI NOR ACCLN  MON  ... Unnamed: 4 Unnamed: 5
0  SL NO.                               INPUT POINT  ...      UNITS     RESULT
1       1                   0V at  P3/C25 and P3/C1  ...   Volts DC       PASS

[2 rows x 8 columns]"
101,"   2   5V at  P3/C25 and P3/C1  J3/A23&GND  ...  8.999763  Volts DC  PASS
0  3  -5V at  P3/C25 and P3/C1  J3/A23&GND  ... -8.995977  Volts DC  PASS

[1 rows x 8 columns]"
102,"      88) FTI MONITORS:CHANNEL-1 FTI LAOA MON  ... Unnamed: 4 Unnamed: 5
0  SL NO.                         INPUT POINT  ...      UNITS     RESULT
1       1             0V at  P3/C12 and P3/C1  ...   Volts DC       PASS
2       2             5V at  P3/C12 and P3/C1  ...   Volts DC       PASS
3       3            -5V at  P3/C12 and P3/C1  ...   Volts DC       PASS

[4 rows x 8 columns]"
103,"      89) FTI MONITORS:CHANNEL-1 FTI STA PRS MON  ... Unnamed: 4 Unnamed: 5
0  SL NO.                            INPUT POINT  ...      UNITS     RESULT
1       1                 0V at  P3/C6 and P3/C1  ...   Volts DC       PASS
2       2                 5V at  P3/C6 and P3/C1  ...   Volts DC       PASS
3       3                -5V at  P3/C6 and P3/C1  ...   Volts DC       PASS

[4 rows x 8 columns]"
104,"      90) FTI MONITORS:CHANNEL-1 FTI DYN PRS MON  ... Unnamed: 4 Unnamed: 5
0  SL NO.                            INPUT POINT  ...      UNITS     RESULT
1       1                0V at  P3/C13 and P3/C1  ...   Volts DC       PASS
2       2                5V at  P3/C13 and P3/C1  ...   Volts DC       PASS
3       3               -5V at  P3/C13 and P3/C1  ...   Volts DC       PASS

[4 rows x 8 columns]"
105,"   91) FTI MONITORS:CHANNEL-1 FTI TOT TEMP MON  ... Unnamed: 4 Unnamed: 5
0  NaN                                     NaN  ...        NaN        NaN
1  NaN                                     NaN  ...        NaN        NaN
2  1.0                 0V at  P3/C22 and P3/C1  ...   Volts DC       PASS
3  2.0                 5V at  P3/C22 and P3/C1  ...   Volts DC       PASS
4  3.0                -5V at  P3/C22 and P3/C1  ...   Volts DC       PASS

[5 rows x 8 columns]"
106,"      92) FTI MONITORS:CHANNEL-1 FTI RAB POS MON  ... Unnamed: 4 Unnamed: 5
0  SL NO.                            INPUT POINT  ...      UNITS     RESULT
1       1                0V at  P2/C13 and P3/C1  ...   Volts DC       PASS
2       2                5V at  P2/C13 and P3/C1  ...   Volts DC       PASS
3       3               -5V at  P2/C13 and P3/C1  ...   Volts DC       PASS

[4 rows x 8 columns]"
107,"   93) FTI MONITORS:CHANNEL-1 FTI PIT RATE MON  ... Unnamed: 4 Unnamed: 5
0  NaN                                     NaN  ...        NaN        NaN
1  NaN                                     NaN  ...        NaN        NaN
2  1.0                 0V at  P2/C14 and P3/C1  ...   Volts DC       PASS
3  2.0                 5V at  P2/C14 and P3/C1  ...   Volts DC       PASS
4  3.0                -5V at  P2/C14 and P3/C1  ...   Volts DC       PASS

[5 rows x 8 columns]"
108,"      94) FTI MONITORS:CHANNEL-1 FTI YAW RATE MON  ... Unnamed: 4 Unnamed: 5
0  SL NO.                             INPUT POINT  ...      UNITS     RESULT
1       1                 0V at  P2/C15 and P3/C1  ...   Volts DC       PASS
2       2                 5V at  P2/C15 and P3/C1  ...   Volts DC       PASS
3       3                -5V at  P2/C15 and P3/C1  ...   Volts DC       PASS

[4 rows x 8 columns]"
109,"      95) FTI MONITORS:CHANNEL-2 FTI LAT ACCLN MON  ... Unnamed: 4 Unnamed: 5
0  SL NO.                              INPUT POINT  ...      UNITS     RESULT
1       1                   0V at  P3/C5 and P3/C8  ...   Volts DC       PASS
2       2                   5V at  P3/C5 and P3/C8  ...   Volts DC       PASS
3       3                  -5V at  P3/C5 and P3/C8  ...   Volts DC       PASS

[4 rows x 8 columns]"
110,"   96) FTI MONITORS:CHANNEL-2 FTI RUD POS MON  ... Unnamed: 4 Unnamed: 5
0  NaN                                    NaN  ...        NaN        NaN
1  NaN                                    NaN  ...        NaN        NaN
2  1.0                0V at  P3/C11 and P3/C8  ...   Volts DC       PASS
3  2.0                5V at  P3/C11 and P3/C8  ...   Volts DC       PASS
4  3.0               -5V at  P3/C11 and P3/C8  ...   Volts DC       PASS

[5 rows x 8 columns]"
111,"      97) FTI MONITORS:CHANNEL-2 FTI STK PIT MON  ... Unnamed: 4 Unnamed: 5
0  SL NO.                            INPUT POINT  ...      UNITS     RESULT
1       1                 0V at  P3/C9 and P3/C8  ...   Volts DC       PASS
2       2                 5V at  P3/C9 and P3/C8  ...   Volts DC       PASS
3       3                -5V at  P3/C9 and P3/C8  ...   Volts DC       PASS

[4 rows x 8 columns]"
112,"      98) FTI MONITORS:CHANNEL-2 FTI RIE POS MON  ... Unnamed: 4 Unnamed: 5
0  SL NO.                            INPUT POINT  ...      UNITS     RESULT
1       1                 0V at  P3/C4 and P3/C8  ...   Volts DC       PASS
2       2                 5V at  P3/C4 and P3/C8  ...   Volts DC       PASS
3       3                -5V at  P3/C4 and P3/C8  ...   Volts DC       PASS

[4 rows x 8 columns]"
113,"   99) FTI MONITORS:CHANNEL-2 FTI LIE POS MON  ... Unnamed: 4 Unnamed: 5
0  NaN                                    NaN  ...        NaN        NaN
1  NaN                                    NaN  ...        NaN        NaN
2  1.0                0V at  P3/C10 and P3/C8  ...   Volts DC       PASS
3  2.0                5V at  P3/C10 and P3/C8  ...   Volts DC       PASS
4  3.0               -5V at  P3/C10 and P3/C8  ...   Volts DC       PASS

[5 rows x 8 columns]"
114,"     100) FTI MONITORS:CHANNEL-2 FTI RAOA/RAOSS MON  ... Unnamed: 4 Unnamed: 5
0  SL NO.                               INPUT POINT  ...      UNITS     RESULT
1       1                   0V at  P3/C26 and P3/C8  ...   Volts DC       PASS
2       2                   5V at  P3/C26 and P3/C8  ...   Volts DC       PASS
3       3                  -5V at  P2/C26 and P3/C8  ...   Volts DC       PASS

[4 rows x 8 columns]"
115,"     101) FTI MONITORS:CHANNEL-2 FTI LAB POS MON  ... Unnamed: 4 Unnamed: 5
0  SL NO.                            INPUT POINT  ...      UNITS     RESULT
1       1                0V at  P2/C17 and P3/C8  ...   Volts DC       PASS
2       2                5V at  P2/C17 and P3/C8  ...   Volts DC       PASS
3       3               -5V at  P3/C17 and P3/C8  ...   Volts DC       PASS

[4 rows x 8 columns]"
116,"   102) FTI MONITORS:CHANNEL-2 FTI ASA LON MON  ... Unnamed: 4 Unnamed: 5
0   NaN                                    NaN  ...        NaN        NaN
1   NaN                                    NaN  ...        NaN        NaN
2   1.0                0V at  P3/C27 and P3/C8  ...   Volts DC       PASS
3   2.0                5V at  P3/C27 and P3/C8  ...   Volts DC       PASS
4   3.0               -5V at  P3/C27 and P3/C8  ...   Volts DC       PASS

[5 rows x 8 columns]"
117,"     103) FTI MONITORS:CHANNEL-2 FTI ROL RATE MON  ... Unnamed: 4 Unnamed: 5
0  SL NO.                             INPUT POINT  ...      UNITS     RESULT
1       1                 0V at  P2/C18 and P3/C8  ...   Volts DC       PASS
2       2                 5V at  P2/C18 and P3/C8  ...   Volts DC       PASS
3       3                -5V at  P2/C18 and P3/C8  ...   Volts DC       PASS

[4 rows x 8 columns]"
